Date,value
10/23/2009,80.49
11/4/2009,78.93
11/6/2009,78.65
11/11/2009,78.54
11/13/2009,76.71
11/20/2009,77.45
11/23/2009,79
11/25/2009,77.04
11/30/2009,77.72
12/4/2009,79.3
12/7/2009,77.84
12/8/2009,76.85
12/9/2009,76.21
12/10/2009,73.18
12/11/2009,72.62
12/15/2009,72.45
12/16/2009,73.61
12/17/2009,73.27
12/22/2009,72.92
12/23/2009,74.33
12/28/2009,77.5
12/29/2009,78.15
12/30/2009,79.04
12/31/2009,79.43
1/4/2010,80.07
1/5/2010,80.97
1/6/2010,80.7
1/7/2010,82.45
1/8/2010,81.38
1/11/2010,82.43
1/12/2010,80.82
1/13/2010,79.6
1/14/2010,79.22
1/15/2010,78.21
1/18/2010,77.53
1/19/2010,76.32
1/20/2010,76.68
1/21/2010,76.28
1/22/2010,74.24
1/25/2010,73.33
1/26/2010,73.45
1/27/2010,73.64
1/28/2010,72.74
1/29/2010,72.41
2/1/2010,72.41
2/2/2010,74.37
2/3/2010,77.2
2/4/2010,73.65
2/5/2010,70.77
2/8/2010,70.84
2/9/2010,72
2/10/2010,72.83
2/11/2010,74.26
2/12/2010,73.46
2/15/2010,73.93
2/16/2010,74.53
2/17/2010,76.76
2/18/2010,76.51
2/19/2010,77.62
2/22/2010,78.76
2/23/2010,78.22
2/24/2010,77.36
2/25/2010,77.68
3/1/2010,77.42
3/2/2010,77.99
3/3/2010,79.16
3/4/2010,79.57
3/5/2010,80
3/8/2010,80.96
3/9/2010,80.01
3/10/2010,80.82
3/11/2010,81.21
3/12/2010,81.38
3/15/2010,79.54
3/16/2010,79.77
3/17/2010,81.87
3/18/2010,81.82
3/19/2010,81.16
3/22/2010,79.07
3/23/2010,80.32
3/24/2010,79.53
3/25/2010,79.86
3/26/2010,80.65
3/29/2010,80.26
3/30/2010,81.1
3/31/2010,81.16
4/1/2010,83.65
4/6/2010,86.04
4/7/2010,86.07
4/8/2010,84.93
4/9/2010,85.03
4/12/2010,84.81
4/13/2010,85.06
4/14/2010,86.08
4/15/2010,87.44
4/16/2010,86.71
4/19/2010,84.21
4/20/2010,85.64
4/21/2010,86.19
4/22/2010,85.94
5/25/2010,68.23
5/26/2010,71.67
6/10/2010,75.26
7/5/2010,73.46
7/6/2010,74.47
7/7/2010,73.67
7/8/2010,76.04
7/12/2010,75.75
7/13/2010,76.97
7/14/2010,77.82
7/15/2010,77.8
7/16/2010,77.54
7/19/2010,77.22
7/20/2010,77.18
7/21/2010,78.2
7/22/2010,77.78
7/23/2010,78.82
7/26/2010,78.77
7/27/2010,78.99
7/28/2010,78.15
7/29/2010,78.87
7/30/2010,79.56
8/2/2010,82.09
8/3/2010,84.32
8/4/2010,85.09
8/5/2010,83.36
8/6/2010,83.08
8/9/2010,83.25
8/10/2010,81.51
8/11/2010,80.7
8/12/2010,78.27
8/13/2010,77.47
8/16/2010,77.22
8/17/2010,77.94
8/18/2010,77.05
8/19/2010,77.31
8/20/2010,75.77
8/23/2010,75.67
8/24/2010,73.97
8/25/2010,72.22
8/26/2010,75.73
8/27/2010,76.43
8/30/2010,77.57
8/31/2010,77.77
9/1/2010,77.52
9/2/2010,77.08
9/3/2010,77.8
9/6/2010,78.1
9/7/2010,77.62
9/8/2010,79.36
9/9/2010,79.71
9/10/2010,79.38
9/13/2010,80.36
9/14/2010,80.73
9/15/2010,80.3
9/16/2010,80.73
9/17/2010,79.27
9/20/2010,80.42
9/21/2010,81.09
9/22/2010,79.9
9/23/2010,78.65
9/24/2010,80.08
9/27/2010,80.08
9/28/2010,79.42
9/29/2010,80.2
9/30/2010,82.17
10/4/2010,84.94
10/5/2010,84.92
10/6/2010,85.97
10/7/2010,86.41
10/8/2010,84.19
10/11/2010,85.14
10/12/2010,84.78
10/13/2010,85.73
10/14/2010,85.93
10/15/2010,84.41
10/18/2010,83.21
10/19/2010,83.51
10/20/2010,82.82
10/21/2010,83.54
10/22/2010,82.71
10/25/2010,83.52
10/26/2010,84.03
10/27/2010,83.57
10/28/2010,84.31
10/29/2010,84.17
11/1/2010,85.53
11/2/2010,85.99
11/3/2010,86.63
11/4/2010,88.53
11/5/2010,88.55
11/8/2010,88.61
11/9/2010,89.37
11/10/2010,89.18
11/11/2010,90.16
11/12/2010,87.99
11/15/2010,85.17
11/18/2010,85.24
11/19/2010,84.6
11/22/2010,83.84
11/23/2010,83.89
11/24/2010,85.97
11/25/2010,87.23
11/26/2010,86.27
11/29/2010,87.4
11/30/2010,87.65
12/1/2010,88.17
12/2/2010,90.47
12/3/2010,91.99
12/6/2010,92.83
12/7/2010,93.25
12/8/2010,92.14
12/9/2010,92.03
12/10/2010,92.05
12/13/2010,92.58
12/14/2010,91.99
12/15/2010,91.75
12/16/2010,91.96
12/17/2010,92.74
12/20/2010,92.9
12/23/2010,95.04
12/24/2010,95.09
12/29/2010,94.89
12/30/2010,95.23
12/31/2010,94.01
1/3/2011,97.1
1/4/2011,96.3
1/5/2011,94.74
1/6/2011,97.3
1/7/2011,95.84
1/10/2011,96.11
1/11/2011,97.2
1/12/2011,98.97
1/13/2011,99.16
1/14/2011,99.82
1/17/2011,99.64
1/18/2011,99.1
1/19/2011,99.67
1/20/2011,99.13
1/21/2011,98.69
1/24/2011,99.04
1/25/2011,96.35
1/27/2011,98.96
1/28/2011,98.45
1/31/2011,99.35
2/1/2011,101.33
2/2/2011,102.75
2/3/2011,103.63
2/4/2011,103.02
2/7/2011,101.38
2/8/2011,100.25
2/9/2011,101.71
2/10/2011,103.01
2/14/2011,102.52
2/16/2011,103.63
2/17/2011,105.14
2/18/2011,103.87
2/21/2011,105.65
2/22/2011,108.09
2/23/2011,109.25
2/24/2011,117.24
2/25/2011,114.02
2/28/2011,113.96
3/1/2011,113.95
3/2/2011,116.55
3/3/2011,116.84
3/4/2011,117.23
3/7/2011,119.07
3/8/2011,115.86
3/9/2011,114.8
3/10/2011,116.15
3/11/2011,115.46
3/14/2011,114.44
3/15/2011,112.59
3/16/2011,112.4
3/17/2011,115.18
3/18/2011,116.91
3/21/2011,117.25
3/22/2011,116.18
3/23/2011,117.2
3/24/2011,117.06
3/25/2011,116.88
3/28/2011,116.79
3/29/2011,116.39
3/30/2011,116.88
3/31/2011,118.75
4/1/2011,119.54
4/4/2011,121.62
4/5/2011,122.6
4/6/2011,125.3
4/7/2011,124.85
4/8/2011,127.06
4/11/2011,128.32
4/12/2011,126.19
4/13/2011,124.66
4/14/2011,124.53
4/18/2011,124.85
4/19/2011,122.3
4/20/2011,125.15
4/21/2011,126.58
4/27/2011,126.82
4/28/2011,128.3
4/29/2011,129.03
5/3/2011,128.14
5/4/2011,126.18
5/6/2011,114.53
5/9/2011,116.41
5/10/2011,119.91
5/11/2011,120.72
5/12/2011,116.43
5/13/2011,118.34
5/16/2011,117.25
5/17/2011,115.91
5/18/2011,115.78
5/19/2011,116.77
5/20/2011,116.11
5/23/2011,113.81
5/24/2011,116.28
5/27/2011,112.25
6/9/2011,121.85
6/10/2011,123.1
6/13/2011,122.94
6/14/2011,123.27
6/15/2011,121.95
6/16/2011,117.67
6/17/2011,117.88
6/20/2011,115.64
6/21/2011,115.47
6/22/2011,114.92
6/23/2011,113.88
6/24/2011,109.9
6/27/2011,107.06
6/28/2011,109.37
6/29/2011,113.27
6/30/2011,114.06
7/1/2011,112.9
7/4/2011,114.15
7/5/2011,115.25
7/6/2011,115.51
7/11/2011,119.71
7/12/2011,119.24
7/13/2011,120.76
7/14/2011,120.97
7/15/2011,119.78
7/18/2011,119.99
7/19/2011,120.99
7/20/2011,121.64
7/21/2011,120.98
7/22/2011,121.04
7/25/2011,120.71
7/26/2011,121.05
7/27/2011,120.35
7/28/2011,120.61
7/29/2011,120.42
8/2/2011,118.25
8/4/2011,113.97
8/5/2011,109.69
8/8/2011,107.52
8/9/2011,104.86
8/10/2011,106.64
8/11/2011,108.02
8/12/2011,109.99
8/15/2011,110.65
8/16/2011,110.82
8/17/2011,113.16
8/18/2011,111.43
8/19/2011,109.8
8/22/2011,109.93
8/23/2011,111.66
8/24/2011,112.87
8/25/2011,113.83
8/26/2011,113.6
8/29/2011,115.05
9/1/2011,118.53
9/2/2011,118.12
9/6/2011,115.44
9/7/2011,118.65
9/8/2011,119.77
9/9/2011,117.45
9/12/2011,115.9
9/13/2011,116.8
9/14/2011,116.19
9/15/2011,118.81
9/16/2011,119.96
9/19/2011,117.82
9/20/2011,116.22
9/21/2011,114.88
9/22/2011,113.19
9/23/2011,114.61
9/26/2011,110.64
9/27/2011,111.92
9/28/2011,111.71
9/29/2011,109.67
9/30/2011,107.93
10/4/2011,105.44
10/5/2011,106.72
10/6/2011,106.72
10/7/2011,107.62
10/10/2011,111.68
10/11/2011,112.5
10/12/2011,116.02
10/13/2011,116.15
10/14/2011,118.91
10/17/2011,116.2
10/18/2011,115.19
10/19/2011,115.44
10/20/2011,113.18
10/21/2011,114.76
10/24/2011,114.89
10/25/2011,115.43
10/26/2011,115.24
10/27/2011,115.7
10/28/2011,115.04
10/31/2011,112.72
11/1/2011,110.71
11/2/2011,114.06
11/3/2011,113.62
11/4/2011,115.26
11/9/2011,115.9
11/10/2011,116.77
11/14/2011,117.38
11/15/2011,116.06
11/16/2011,115.63
11/17/2011,113.73
11/18/2011,112.45
11/21/2011,110.84
11/22/2011,111.04
11/23/2011,111.14
11/24/2011,111.02
11/25/2011,110.27
11/28/2011,112.16
11/29/2011,114.48
11/30/2011,115.17
12/1/2011,113.57
12/2/2011,113.01
12/5/2011,114.05
12/6/2011,113.16
12/7/2011,113.68
12/8/2011,112.68
12/9/2011,112.94
12/12/2011,110.61
12/13/2011,111.23
12/14/2011,109.93
12/15/2011,107.72
12/16/2011,107.28
12/19/2011,107.46
12/20/2011,109.68
12/21/2011,110.86
12/22/2011,111.53
12/23/2011,111.77
1/5/2012,116.81
1/6/2012,115.81
1/9/2012,114.75
1/10/2012,114.84
1/11/2012,114.7
1/12/2012,115.3
1/13/2012,112.85
1/16/2012,112.8
1/17/2012,113.77
1/18/2012,113.31
1/19/2012,112.96
1/20/2012,112.3
1/23/2012,112.19
1/24/2012,111.47
1/25/2012,110.42
1/26/2012,112.12
1/27/2012,111.67
2/1/2012,114
2/2/2012,114.46
2/3/2012,115.5
2/7/2012,118.68
2/8/2012,119.56
2/9/2012,121.09
2/10/2012,120.25
2/13/2012,121.71
2/14/2012,120.95
2/15/2012,122.28
2/16/2012,123.67
2/17/2012,123.63
2/20/2012,124.79
2/21/2012,123.62
2/22/2012,124.69
2/23/2012,125.87
2/24/2012,127.84
2/27/2012,127.82
2/28/2012,127.1
2/29/2012,126.04
3/1/2012,126.98
3/2/2012,128.54
3/5/2012,128.14
3/6/2012,128.6
3/7/2012,127.76
3/8/2012,130.04
3/9/2012,130.13
3/12/2012,129.6
3/13/2012,130.37
3/14/2012,130.43
3/15/2012,128.25
3/16/2012,126.71
3/19/2012,128.44
3/20/2012,127.08
3/21/2012,126.97
3/22/2012,125.56
3/23/2012,126.66
3/26/2012,128.17
3/27/2012,128.55
3/28/2012,126.91
3/29/2012,126.59
3/30/2012,126.12
4/2/2012,125.86
4/3/2012,126.8
4/4/2012,126.76
4/5/2012,125.46
4/10/2012,124.65
4/11/2012,123.31
4/12/2012,123.26
4/13/2012,123.62
4/16/2012,123.07
4/17/2012,122.26
4/18/2012,119.08
4/19/2012,119.78
4/20/2012,120.12
4/23/2012,119.4
4/24/2012,120.51
4/25/2012,120.44
4/27/2012,121.88
4/30/2012,122.07
5/2/2012,121.65
5/3/2012,119.52
5/4/2012,116.36
5/7/2012,114.69
5/8/2012,113.64
5/9/2012,113.94
5/10/2012,115.19
5/11/2012,114.31
5/14/2012,113.05
5/15/2012,114.33
5/16/2012,113.69
5/17/2012,112.53
5/18/2012,110.72
5/21/2012,111.44
5/22/2012,112.25
5/23/2012,110.52
5/24/2012,109.46
5/25/2012,110.23
5/28/2012,111.03
5/30/2012,107.38
5/31/2012,106.01
6/1/2012,101.49
6/4/2012,99.29
6/5/2012,100.57
6/6/2012,102.39
6/7/2012,103.13
6/8/2012,100.14
6/11/2012,102.15
6/12/2012,99.95
6/13/2012,98.86
6/14/2012,98.22
6/15/2012,98.21
6/18/2012,98.33
6/19/2012,97.29
6/20/2012,96.24
6/21/2012,92.61
6/22/2012,91.21
6/25/2012,90.83
6/26/2012,92.44
6/27/2012,93.55
6/28/2012,93.53
6/29/2012,95.2
7/2/2012,96.62
7/3/2012,100.96
7/4/2012,101.35
7/5/2012,102.89
7/6/2012,101.05
7/9/2012,100.54
7/10/2012,101.34
7/11/2012,100.88
7/12/2012,100.77
7/13/2012,103.47
7/16/2012,104.44
7/17/2012,107.22
7/18/2012,106.64
7/19/2012,109.32
7/20/2012,108.66
7/23/2012,105.65
7/24/2012,105.34
7/25/2012,105.08
7/27/2012,107.27
7/30/2012,107.95
7/31/2012,107.97
8/1/2012,107.16
8/2/2012,107.95
8/3/2012,109.58
8/6/2012,110.68
8/7/2012,112.46
8/8/2012,113.88
8/9/2012,114.31
8/10/2012,113.92
8/13/2012,115.45
8/14/2012,115.97
8/15/2012,115.82
8/16/2012,117.81
8/17/2012,115.17
8/27/2012,115.86
8/28/2012,114.64
8/31/2012,114.21
9/3/2012,115.52
9/4/2012,116.92
9/10/2012,115.69
9/12/2012,116.87
9/13/2012,117.43
9/14/2012,118.7
9/17/2012,118.08
9/18/2012,115.37
9/19/2012,111.6
9/20/2012,109.56
9/21/2012,112.39
9/24/2012,111.52
9/25/2012,111.78
9/26/2012,110.39
9/27/2012,112.25
9/28/2012,113.07
10/2/2012,114.25
10/3/2012,112.07
10/4/2012,111.59
10/5/2012,114.25
10/8/2012,114.06
10/9/2012,115.01
10/10/2012,116.78
10/11/2012,117.87
10/12/2012,117.14
10/15/2012,116.9
10/16/2012,117.64
10/17/2012,115.48
10/18/2012,114.71
10/19/2012,114.5
10/22/2012,112.4
10/23/2012,110.25
10/24/2012,109.66
10/29/2012,111.23
10/30/2012,111.51
10/31/2012,111.43
11/1/2012,110.99
11/2/2012,110.3
11/5/2012,107.6
11/6/2012,109.78
11/7/2012,112.04
11/8/2012,109.79
11/9/2012,109.12
11/12/2012,111.62
11/13/2012,110.69
11/14/2012,110.77
11/15/2012,112.25
11/16/2012,109.24
11/19/2012,110.94
11/20/2012,112.09
11/21/2012,112.64
11/22/2012,112.34
11/23/2012,112.43
11/26/2012,112.9
11/27/2012,112.33
11/28/2012,110.51
11/29/2012,111.7
11/30/2012,111.95
12/3/2012,113.31
12/4/2012,112.05
12/5/2012,111.94
12/6/2012,110.14
12/7/2012,109.23
12/10/2012,109.71
12/11/2012,109.96
12/12/2012,110.85
12/14/2012,110.79
12/17/2012,110.29
12/18/2012,111.29
12/19/2012,112.56
12/20/2012,113.19
12/24/2012,110.52
12/27/2012,112.39
12/28/2012,112.08
1/2/2013,114.05
1/3/2013,115.19
1/4/2013,114.11
1/7/2013,114.59
1/8/2013,115.61
1/9/2013,115.67
1/10/2013,116.46
1/11/2013,113.87
1/14/2013,113.59
1/15/2013,114.48
1/16/2013,113.49
1/17/2013,113.1
1/18/2013,113.92
1/21/2013,114.82
1/22/2013,115.26
1/23/2013,115.52
1/25/2013,116.98
1/28/2013,116.31
1/29/2013,116.56
1/30/2013,117.97
1/31/2013,117.84
2/1/2013,119.21
2/4/2013,119.32
2/5/2013,118.79
2/8/2013,120.54
2/11/2013,120.35
2/12/2013,120.85
2/13/2013,121.02
2/14/2013,120.13
2/15/2013,120.38
2/18/2013,120.6
2/19/2013,119.55
2/20/2013,119.81
2/21/2013,117.68
2/22/2013,116.71
2/25/2013,117.8
2/26/2013,115.99
2/27/2013,115.31
2/28/2013,114.5
3/1/2013,115.48
3/4/2013,112.5
3/5/2013,112.75
3/6/2013,113.14
3/7/2013,112.51
3/8/2013,112.02
3/11/2013,111.28
3/12/2013,111.28
3/13/2013,110.58
3/14/2013,121.99
3/15/2013,115.48
3/18/2013,110.39
3/19/2013,110.61
3/20/2013,109.83
3/21/2013,109.97
3/22/2013,108.84
3/25/2013,109.71
3/26/2013,108.97
3/27/2013,112.34
3/28/2013,110.86
4/2/2013,112.56
4/3/2013,112.02
4/4/2013,108.85
4/5/2013,107.88
4/8/2013,107.25
4/9/2013,107.12
4/10/2013,108.15
4/11/2013,107.61
4/18/2013,100.5
4/19/2013,101.7
4/22/2013,102.74
4/23/2013,101.57
4/24/2013,103.15
4/25/2013,104.26
4/26/2013,105.12
4/29/2013,105.61
4/30/2013,105.77
5/2/2013,102.89
5/3/2013,106.4
5/8/2013,107.6
5/9/2013,107.01
5/10/2013,105.78
5/13/2013,105.48
5/14/2013,105.43
5/15/2013,105.19
5/16/2013,107.11
5/17/2013,107.68
5/20/2013,107.45
5/21/2013,107.06
5/22/2013,105.91
5/23/2013,103.49
5/24/2013,104.91
5/27/2013,104.54
5/28/2013,106.66
5/30/2013,104.16
5/31/2013,104.21
6/3/2013,103.81
6/4/2013,104.73
6/6/2013,106.03
6/7/2013,106.88
6/10/2013,107.09
6/11/2013,105.72
6/13/2013,105.87
6/14/2013,108.23
6/17/2013,108.42
6/18/2013,108.57
6/19/2013,109
6/20/2013,106.5
6/21/2013,105.11
6/24/2013,103.53
6/25/2013,104.67
6/28/2013,106.01
7/1/2013,105.14
7/2/2013,105.51
7/3/2013,107.61
7/4/2013,107.72
7/5/2013,108.92
7/8/2013,109.98
7/9/2013,109.69
7/10/2013,110.81
7/11/2013,110.64
7/12/2013,110.54
7/15/2013,111.23
7/16/2013,111.7
7/17/2013,110.57
7/18/2013,111.78
7/19/2013,112.28
7/22/2013,111.43
7/23/2013,111.36
7/24/2013,110.72
7/25/2013,110.06
7/26/2013,109.99
7/29/2013,110.23
7/30/2013,109.76
7/31/2013,109.56
8/1/2013,112.21
8/2/2013,112.24
8/5/2013,111.32
8/6/2013,111.64
8/7/2013,110.65
8/12/2013,111.5
8/13/2013,113.2
8/14/2013,112.8
8/15/2013,113.92
8/16/2013,112.81
8/19/2013,114.55
8/20/2013,112.65
8/21/2013,112.94
8/22/2013,113.08
8/23/2013,113.62
8/26/2013,114.52
8/27/2013,116.23
8/28/2013,119.17
8/29/2013,119.09
8/30/2013,118.3
9/4/2013,117.84
9/9/2013,118.26
9/10/2013,114.99
9/11/2013,115.08
9/12/2013,115.29
9/13/2013,115.39
9/16/2013,113.32
9/17/2013,112.25
9/18/2013,111.42
9/19/2013,113.23
9/20/2013,112.31
9/23/2013,112.11
9/24/2013,110.86
9/26/2013,111.2
10/2/2013,111.8
10/3/2013,112.91
10/4/2013,113.17
10/7/2013,112.54
10/8/2013,113.91
10/9/2013,113.1
10/10/2013,113.95
10/11/2013,114.83
10/14/2013,114.42
10/17/2013,113.13
10/18/2013,113.36
10/21/2013,112.78
10/22/2013,113.39
10/23/2013,112.56
10/24/2013,110.31
10/25/2013,109.48
10/28/2013,110.71
10/29/2013,112.07
10/30/2013,111.88
10/31/2013,111.82
11/1/2013,110.42
11/4/2013,108.53
11/5/2013,108.66
11/6/2013,108.79
11/7/2013,107.33
11/8/2013,106.5
11/11/2013,108.9
11/12/2013,109.85
11/13/2013,110.02
11/14/2013,110.93
11/15/2013,111.61
11/18/2013,111.62
11/19/2013,111.91
11/20/2013,110.5
11/21/2013,112.11
11/22/2013,114.49
11/25/2013,113.8
11/26/2013,115.41
11/27/2013,115.43
11/28/2013,115.09
11/29/2013,114.94
12/2/2013,112.55
12/3/2013,114.47
12/4/2013,115.08
12/5/2013,114.67
12/6/2013,114.14
12/9/2013,113.44
12/10/2013,112.23
12/11/2013,109.91
12/12/2013,111.51
12/13/2013,110.85
12/17/2013,111.13
12/18/2013,111.19
12/19/2013,112.16
12/20/2013,111.99
12/23/2013,114.56
12/24/2013,113.94
12/27/2013,113.86
12/30/2013,113.79
12/31/2013,112.75
1/2/2014,111.8
1/3/2014,109.53
1/6/2014,109.21
1/7/2014,109
1/8/2014,109.39
1/9/2014,109.69
1/10/2014,109.06
1/13/2014,109.07
1/15/2014,108.96
1/16/2014,109.51
1/17/2014,109.45
1/20/2014,109.86
1/21/2014,111.18
1/22/2014,111.65
1/23/2014,111.69
1/24/2014,110.96
1/27/2014,110.96
1/28/2014,110.96
1/29/2014,111.15
1/30/2014,110.31
1/31/2014,110.02
2/3/2014,109.4
2/4/2014,109.51
2/5/2014,109.17
2/6/2014,110.31
2/7/2014,111.01
2/10/2014,112.08
2/11/2014,112.21
2/12/2014,111.59
2/13/2014,110.32
2/14/2014,110.72
2/17/2014,111.56
2/18/2014,112.2
2/19/2014,112.63
2/20/2014,112.1
2/21/2014,111.91
2/24/2014,111.11
2/25/2014,111.39
2/26/2014,110.76
2/27/2014,110.46
2/28/2014,110.38
3/3/2014,113.35
3/4/2014,111.52
3/5/2014,110.58
3/6/2014,109.88
3/7/2014,111.02
3/10/2014,110.26
3/11/2014,110.38
3/12/2014,109.92
3/13/2014,109.94
3/14/2014,109.51
3/17/2014,109
3/18/2014,108.57
3/19/2014,107.99
3/20/2014,107.66
3/21/2014,109.26
3/24/2014,108.88
3/25/2014,108.81
3/26/2014,108.7
3/27/2014,108.55
3/28/2014,109.1
3/31/2014,108.53
4/1/2014,108.62
4/2/2014,106.21
4/3/2014,106.7
4/4/2014,108.74
4/7/2014,108.18
4/8/2014,108.01
4/9/2014,109.72
4/10/2014,109.68
4/11/2014,109.41
4/14/2014,110.16
4/15/2014,110.89
4/16/2014,112.41
4/17/2014,113.63
4/22/2014,111.62
4/23/2014,111.47
4/24/2014,111.7
4/25/2014,112.06
4/28/2014,112.54
4/28/2014,112.17
4/29/2014,111.9
4/30/2014,111.4
5/2/2014,111.54
5/5/2014,111.81
5/9/2014,111.57
5/12/2014,111.2
5/13/2014,111.3
5/14/2014,112.21
5/15/2014,112.38
5/16/2014,111.73
5/19/2014,113.42
5/20/2014,113.08
5/21/2014,113.5
5/22/2014,113.89
5/23/2014,113.16
5/26/2014,112.34
5/27/2014,112.35
5/30/2014,111.86
6/2/2014,111.95
6/3/2014,111.65
6/4/2014,112.1
6/5/2014,111.1
6/6/2014,111.63
6/9/2014,112.71
6/10/2014,113.25
6/11/2014,112.41
6/12/2014,114.32
6/13/2014,116.05
6/16/2014,114.99
6/17/2014,115.87
6/18/2014,116.54
6/19/2014,116.99
6/20/2014,117.7
6/23/2014,116.96
6/24/2014,116.57
6/25/2014,115.42
6/26/2014,115.42
6/27/2014,115.44
6/30/2014,114.74
7/1/2014,113.58
7/2/2014,112.85
7/3/2014,111.93
7/4/2014,111.61
7/7/2014,111.6
7/8/2014,110.64
7/9/2014,109.68
7/10/2014,109.03
7/11/2014,108.75
7/14/2014,108.27
7/15/2014,106.35
7/16/2014,107.8
7/17/2014,109.07
7/18/2014,108.94
7/21/2014,107.75
7/22/2014,109.08
7/23/2014,109.07
7/24/2014,109.3
7/25/2014,108.3
7/30/2014,109.56
7/31/2014,107.95
8/1/2014,105.71
8/4/2014,104.42
8/5/2014,104.44
8/6/2014,104.23
8/7/2014,104.63
8/11/2014,104.14
8/13/2014,102.05
8/18/2014,100.87
8/19/2014,99.58
8/20/2014,100.99
8/21/2014,100.3
8/22/2014,101.31
8/25/2014,100.98
8/26/2014,101.38
8/27/2014,101.13
8/28/2014,101.3
8/29/2014,101.74
9/1/2014,102.31
9/2/2014,101.39
9/3/2014,101.08
9/4/2014,102.07
9/5/2014,101.29
9/8/2014,99.51
9/9/2014,99.22
9/10/2014,98.07
9/11/2014,99.61
9/12/2014,97.86
9/15/2014,96.93
9/16/2014,98.21
9/17/2014,98.39
9/18/2014,98.13
9/19/2014,97.32
9/22/2014,97.22
9/23/2014,96.48
9/24/2014,95.24
9/25/2014,96.06
9/26/2014,96.11
9/29/2014,95.7
9/30/2014,96.77
10/2/2014,92.65
10/3/2014,92.81
10/8/2014,91.51
10/9/2014,91.42
10/10/2014,89.78
10/13/2014,88.85
10/14/2014,87.99
10/15/2014,84.96
10/16/2014,83.83
10/17/2014,87.21
10/20/2014,86.02
10/21/2014,86.63
10/22/2014,87.42
10/24/2014,86.58
10/27/2014,86.25
10/28/2014,86.83
10/29/2014,87.58
10/30/2014,86.95
10/31/2014,85.31
11/3/2014,86.14
11/4/2014,83.68
11/5/2014,83.12
11/6/2014,83.59
11/7/2014,83.97
11/10/2014,85.23
11/11/2014,82.7
11/12/2014,81.76
11/13/2014,79.78
11/14/2014,78.88
11/17/2014,78.02
11/18/2014,78.72
11/19/2014,78.58
11/20/2014,77.99
11/21/2014,80.79
11/24/2014,80.52
11/25/2014,80.3
11/26/2014,78.46
11/27/2014,76.22
11/28/2014,73.17
12/1/2014,70.06
12/2/2014,72.37
12/3/2014,71.56
12/4/2014,70.35
12/5/2014,69.55
12/8/2014,68.12
12/9/2014,66.58
12/10/2014,66.25
12/11/2014,64.88
12/12/2014,63.65
12/15/2014,63.45
12/16/2014,60.26
12/17/2014,60.34
12/18/2014,62.8
12/19/2014,60.12
12/22/2014,61.4
12/23/2014,59.97
12/24/2014,60.26
12/29/2014,59.88
12/30/2014,57.46
12/31/2014,57.8
1/5/2015,54.79
1/6/2015,51.78
1/7/2015,50.95
1/8/2015,51.13
1/9/2015,50.28
1/12/2015,48.39
1/13/2015,46.37
1/14/2015,46.75
1/15/2015,49.02
1/16/2015,49.8
1/19/2015,49.14
1/20/2015,47.61
1/21/2015,47.82
1/22/2015,48.42
1/23/2015,47.13
1/26/2015,46.64
1/27/2015,46.73
1/28/2015,47.62
1/29/2015,47.7
1/30/2015,48.16
2/2/2015,51.7
2/3/2015,54.76
2/4/2015,55.1
2/5/2015,54.43
2/6/2015,57.39
2/9/2015,56.51
2/10/2015,56.83
2/11/2015,54.94
2/12/2015,54.77
2/13/2015,58.96
2/16/2015,60.76
2/17/2015,61.83
2/18/2015,61.39
2/20/2015,60.28
2/23/2015,59.76
2/24/2015,59.82
2/25/2015,59.91
2/26/2015,62.16
2/27/2015,61.89
3/2/2015,61.88
3/3/2015,60.93
3/4/2015,60.64
3/5/2015,60.7
3/6/2015,60.59
3/9/2015,58.78
3/10/2015,57.44
3/11/2015,56.35
3/12/2015,58.02
3/13/2015,56.35
3/16/2015,53.28
3/17/2015,52.63
3/18/2015,52.81
3/19/2015,54.32
3/20/2015,53.72
3/23/2015,54.44
3/24/2015,55.14
3/25/2015,54.66
3/26/2015,57.32
3/27/2015,57.35
3/30/2015,55.3
3/31/2015,54.66
4/1/2015,54.58
4/2/2015,56.3
4/7/2015,58.16
4/8/2015,58.36
4/9/2015,57.33
4/10/2015,57.47
4/13/2015,59.06
4/14/2015,58.64
4/15/2015,59.84
4/16/2015,63.39
4/17/2015,62.3
4/20/2015,61.79
4/21/2015,61.78
4/22/2015,60.57
4/23/2015,61.73
4/24/2015,64.23
4/27/2015,64
4/28/2015,63.86
4/29/2015,63.59
4/30/2015,65.32
5/4/2015,65.79
5/5/2015,66.44
5/6/2015,67.46
5/8/2015,65.07
5/11/2015,64.54
5/12/2015,65.24
5/13/2015,66.86
5/14/2015,66.76
5/15/2015,65.59
5/18/2015,66.17
5/19/2015,65.06
5/20/2015,64.62
5/21/2015,65.79
5/22/2015,64.84
5/25/2015,64.59
5/26/2015,63.63
5/27/2015,62.39
5/28/2015,61.28
6/1/2015,64.44
6/3/2015,63.74
6/4/2015,62.62
6/5/2015,60.75
6/8/2015,61.81
6/9/2015,63.3
6/10/2015,65.14
6/11/2015,64.96
6/12/2015,64.03
6/15/2015,62.61
6/16/2015,62.22
6/17/2015,62.04
6/18/2015,61.79
6/19/2015,60.72
6/22/2015,60.33
6/23/2015,61.97
6/24/2015,62.51
6/25/2015,61.51
6/26/2015,60.42
7/1/2015,60.8
7/2/2015,61.72
7/3/2015,60.73
7/6/2015,57.84
7/7/2015,55.94
7/8/2015,56.15
7/9/2015,57.49
7/10/2015,58.21
7/13/2015,57.57
7/14/2015,56.67
7/15/2015,57.76
7/16/2015,57.26
7/21/2015,56.51
7/22/2015,56
7/23/2015,55.96
7/24/2015,54.2
7/27/2015,53.81
7/28/2015,53.42
7/29/2015,53.86
7/30/2015,54.76
7/31/2015,53.57
8/3/2015,51.65
8/4/2015,49.9
8/5/2015,49.67
8/6/2015,48.6
8/7/2015,49.67
8/10/2015,48.23
8/11/2015,48.65
8/12/2015,48.61
8/13/2015,49.07
8/14/2015,48.17
8/17/2015,48.44
8/18/2015,47.54
8/19/2015,47.4
8/20/2015,45.29
8/21/2015,44.8
8/24/2015,42.54
8/25/2015,42.54
8/26/2015,41.91
8/27/2015,43.79
8/28/2015,46.56
8/31/2015,49.66
9/1/2015,50.72
9/2/2015,47.75
9/3/2015,50.34
9/4/2015,49.34
9/7/2015,47.96
9/8/2015,47.67
9/9/2015,49.05
9/10/2015,47.85
9/11/2015,47.27
9/14/2015,46.86
9/15/2015,46.22
9/16/2015,47.47
9/17/2015,48.96
9/18/2015,48.61
9/22/2015,47.67
9/23/2015,48.67
9/28/2015,47.14
9/29/2015,47.12
9/30/2015,47.91
10/1/2015,48.57
10/2/2015,47.15
10/5/2015,48.92
10/6/2015,50.08
10/7/2015,52.76
10/8/2015,52
10/9/2015,53.48
10/12/2015,52.67
10/13/2015,50.15
10/14/2015,48.47
10/15/2015,48.8
10/16/2015,49.59
10/19/2015,49.15
10/20/2015,47.84
10/21/2015,47.19
10/22/2015,47.37
10/23/2015,47.32
10/26/2015,47.02
10/27/2015,46.3
10/28/2015,46.95
10/29/2015,47.77
10/30/2015,48.32
11/2/2015,48.61
11/3/2015,48.66
11/4/2015,49.02
11/5/2015,47.4
11/6/2015,47.5
11/9/2015,46.97
11/10/2015,46.03
11/11/2015,46.67
11/12/2015,45.26
11/13/2015,43.66
11/16/2015,43.38
11/17/2015,41.87
11/18/2015,41.99
11/19/2015,42.42
11/20/2015,42.75
11/23/2015,42.88
11/24/2015,44.52
11/25/2015,44.15
11/26/2015,44.27
11/30/2015,43.72
12/1/2015,43.35
12/2/2015,42.46
12/3/2015,41.84
12/4/2015,42.63
12/7/2015,40.75
12/8/2015,39.3
12/9/2015,39.28
12/10/2015,39.04
12/11/2015,38.11
12/14/2015,35.94
12/15/2015,37.43
12/17/2015,36.63
12/18/2015,36.18
12/21/2015,35.56
12/22/2015,35.57
12/23/2015,35.49
12/29/2015,36.09
12/30/2015,36.36
12/31/2015,35.7
1/4/2016,37.94
1/5/2016,36.33
1/6/2016,34.13
1/7/2016,32.32
1/8/2016,32.5
1/11/2016,31.31
1/12/2016,29.65
1/13/2016,29.47
1/14/2016,27.96
1/15/2016,28.93
1/18/2016,27.66
1/19/2016,26.95
1/20/2016,27.59
1/21/2016,25.81
1/22/2016,29.47
1/25/2016,30.25
1/26/2016,28.95
1/27/2016,30.19
1/28/2016,32.92
1/29/2016,32.96
2/1/2016,32.59
2/2/2016,30.35
2/3/2016,30.69
2/4/2016,32.83
2/5/2016,31.7
2/8/2016,31.11
2/9/2016,30.75
2/10/2016,28.85
2/11/2016,29.15
2/12/2016,29.94
2/15/2016,32.32
2/16/2016,32.66
2/17/2016,31.51
2/19/2016,32.28
2/22/2016,32.54
2/23/2016,32.89
2/24/2016,31.26
2/25/2016,32.15
2/26/2016,34.6
2/29/2016,34.76
3/1/2016,35.83
3/2/2016,35.53
3/3/2016,35.7
3/4/2016,35.76
3/7/2016,38.45
3/8/2016,39.46
3/9/2016,39.02
3/10/2016,39.74
3/11/2016,39.52
3/14/2016,38.37
3/15/2016,37.43
3/16/2016,38.33
3/17/2016,39.29
3/18/2016,39.67
3/21/2016,39.41
3/22/2016,40.03
3/23/2016,40.19
3/24/2016,37.85
3/29/2016,37.44
3/30/2016,37.83
3/31/2016,37.32
4/1/2016,37.23
4/4/2016,36.38
4/5/2016,35.51
4/6/2016,36.92
4/8/2016,39.29
4/11/2016,40.91
4/12/2016,42.18
4/13/2016,42.99
4/14/2016,42.78
4/15/2016,41.65
4/18/2016,40.26
4/19/2016,42.41
4/20/2016,42.35
4/21/2016,44.19
4/22/2016,43.4
4/25/2016,43.41
4/26/2016,42.81
4/27/2016,44.77
4/28/2016,45.4
4/29/2016,46.29
5/3/2016,44.15
5/4/2016,43.38
5/5/2016,44.13
5/6/2016,43.59
5/9/2016,44.17
5/10/2016,43.11
5/11/2016,44.81
5/12/2016,46.64
5/13/2016,46.86
5/16/2016,47.85
5/17/2016,48.44
5/18/2016,48.59
5/19/2016,47.17
5/20/2016,48.02
5/23/2016,47.84
5/24/2016,47.93
5/25/2016,48.75
5/26/2016,49.64
5/27/2016,48.72
5/31/2016,49.52
6/1/2016,48.18
6/2/2016,49
6/3/2016,49.44
6/6/2016,49.48
6/7/2016,49.6
6/8/2016,50.91
6/9/2016,50.84
6/13/2016,49.06
6/14/2016,48.6
6/15/2016,47.61
6/16/2016,46.32
6/17/2016,46.63
6/20/2016,48.54
6/21/2016,48.43
6/22/2016,49.2
6/23/2016,48.9
6/24/2016,46.92
6/27/2016,46.04
6/28/2016,46.32
6/29/2016,47.91
6/30/2016,48.49
7/1/2016,48.04
7/4/2016,48.65
7/8/2016,45.04
7/11/2016,44.78
7/12/2016,45.51
7/13/2016,46
7/14/2016,45.62
7/15/2016,46.45
7/18/2016,46.01
7/19/2016,45.8
7/20/2016,45.77
7/21/2016,46.43
7/22/2016,45.18
7/25/2016,44.24
7/26/2016,43.63
7/27/2016,43.49
7/28/2016,42.36
7/29/2016,41.56
8/1/2016,40.6
8/2/2016,40.8
8/3/2016,40.41
8/4/2016,41.11
8/5/2016,42.33
8/8/2016,43.43
8/9/2016,43.73
8/10/2016,43.17
8/11/2016,42.62
8/12/2016,44.78
8/15/2016,46.15
8/16/2016,48
8/17/2016,48.85
8/18/2016,49.75
8/19/2016,48.54
8/22/2016,49.02
8/23/2016,48.29
8/24/2016,48.42
8/25/2016,48.28
8/26/2016,49.83
8/29/2016,49.78
8/30/2016,49.17
8/31/2016,47.66
9/1/2016,46.39
9/2/2016,46.35
9/5/2016,48.16
9/6/2016,47.36
9/7/2016,48
9/8/2016,49.29
9/9/2016,49.6
9/14/2016,47.25
9/15/2016,46.6
9/16/2016,46.16
9/19/2016,46.56
9/20/2016,45.87
9/21/2016,46.82
9/22/2016,47.68
9/23/2016,48.09
9/26/2016,47.06
9/27/2016,46.61
9/28/2016,46.72
9/29/2016,48.77
10/4/2016,49.9
10/5/2016,50.88
10/6/2016,50.89
10/7/2016,51.23
10/10/2016,51.74
10/11/2016,52.07
10/12/2016,51.38
10/13/2016,50.62
10/14/2016,50.84
10/17/2016,50.23
10/18/2016,50.89
10/19/2016,51.97
10/20/2016,51.83
10/21/2016,51.58
10/24/2016,51.37
10/25/2016,51.05
10/26/2016,49.59
10/27/2016,50.05
10/28/2016,49.89
10/30/2016,49.21
10/31/2016,47.62
11/1/2016,48.15
11/2/2016,46.03
11/3/2016,44.84
11/7/2016,43.66
11/8/2016,43.48
11/9/2016,43.48
11/10/2016,44.36
11/11/2016,43.16
11/14/2016,41.73
11/15/2016,43.69
11/16/2016,44.64
11/17/2016,45.37
11/18/2016,44.63
11/21/2016,45.97
11/22/2016,46.52
11/23/2016,46.53
11/24/2016,46.75
11/25/2016,47.03
11/28/2016,46.06
11/29/2016,45.46
11/30/2016,47.35
12/1/2016,50.91
12/5/2016,53.5
12/6/2016,53.1
12/7/2016,52.35
12/8/2016,52.07
12/9/2016,52.67
12/12/2016,55.12
12/13/2016,53.53
12/14/2016,53.15
12/16/2016,52.98
12/19/2016,54.73
12/20/2016,54.31
12/23/2016,54.01
12/28/2016,55.55
12/29/2016,55.59
12/30/2016,55.89
1/3/2017,56.69
1/4/2017,54.91
1/5/2017,55.83
1/9/2017,55.53
1/10/2017,54.4
1/11/2017,53.25
1/13/2017,54.79
1/16/2017,54.66
1/17/2017,55.6
1/18/2017,53.25
1/19/2017,53.44
1/20/2017,54.23
1/23/2017,54.87
1/24/2017,55.32
1/25/2017,54.34
1/27/2017,55.65
1/30/2017,55.18
1/31/2017,55.13
2/1/2017,55.34
2/2/2017,56.43
2/3/2017,55.94
2/6/2017,55.9
2/7/2017,54.94
2/8/2017,53.82
2/9/2017,54.81
2/10/2017,54.93
2/13/2017,54.88
2/14/2017,54.86
2/15/2017,54.65
2/16/2017,54.77
2/17/2017,54.31
2/20/2017,55.35
2/21/2017,56.16
2/22/2017,55.75
2/23/2017,56.06
2/24/2017,55.46
2/27/2017,55.38
2/28/2017,54.4
3/1/2017,54.98
3/2/2017,55.32
3/3/2017,54.34
3/6/2017,54.5
3/7/2017,55.25
3/8/2017,54.35
3/9/2017,51.05
3/10/2017,51.43
3/13/2017,50.37
3/14/2017,50.05
3/15/2017,51.17
3/16/2017,51.42
3/17/2017,51.14
3/20/2017,50.56
3/21/2017,51.01
3/22/2017,49.58
3/23/2017,50.28
3/24/2017,50.48
3/27/2017,50.17
3/28/2017,50.93
3/29/2017,51.12
3/30/2017,51.92
3/31/2017,52.21
4/3/2017,52.91
4/4/2017,52.71
4/5/2017,54.1
4/6/2017,54.11
4/7/2017,54.59
4/10/2017,55.28
4/11/2017,55.16
4/12/2017,55.92
4/18/2017,54.7
4/19/2017,52.91
4/20/2017,51.58
4/21/2017,52.56
4/24/2017,50.62
4/25/2017,49.91
4/28/2017,51.03
5/2/2017,50.66
5/3/2017,49.23
5/4/2017,48.81
5/5/2017,47.54
5/8/2017,47.59
5/9/2017,47.65
5/10/2017,48
5/11/2017,49.24
5/12/2017,49.32
5/15/2017,51.05
5/16/2017,51.5
5/17/2017,51.52
5/18/2017,51.45
5/19/2017,52.77
5/22/2017,53.65
5/23/2017,53.29
5/24/2017,53.75
5/25/2017,52.91
5/26/2017,51.11
5/30/2017,51.2
5/31/2017,50.22
6/1/2017,50.36
6/2/2017,49.05
6/5/2017,48.82
6/6/2017,48.93
6/7/2017,48.77
6/8/2017,47.28
6/9/2017,46.9
6/12/2017,47.55
6/13/2017,47.2
6/14/2017,47.31
6/15/2017,46.05
6/16/2017,46.53
6/19/2017,46.44
6/20/2017,45.19
6/21/2017,44.89
6/22/2017,44.47
6/23/2017,44.67
6/28/2017,46.53
6/29/2017,47.55
6/30/2017,47.52
7/3/2017,48.76
7/4/2017,49.19
7/5/2017,48.31
7/6/2017,48.16
7/7/2017,46.55
7/10/2017,46.27
7/11/2017,46.21
7/12/2017,47.81
7/13/2017,46.8
7/14/2017,47.88
7/17/2017,48.3
7/18/2017,47.79
7/19/2017,48.39
7/20/2017,48.77
7/21/2017,48.29
7/24/2017,47.37
7/25/2017,48.64
7/26/2017,49.84
7/28/2017,51.43
7/31/2017,52.03
8/1/2017,51.93
8/2/2017,51.3
8/3/2017,52.54
8/4/2017,51.92
8/7/2017,51.85
8/8/2017,52.18
8/9/2017,52.15
8/10/2017,53.05
8/11/2017,51.69
8/14/2017,51.59
8/15/2017,50
8/16/2017,50.49
8/17/2017,49.96
8/18/2017,50.79
8/21/2017,52.1
8/22/2017,51.99
8/23/2017,52.02
8/24/2017,52.36
8/25/2017,52.07
8/29/2017,51.39
8/30/2017,51.48
8/31/2017,51.46
9/5/2017,53.43
9/6/2017,54.39
9/7/2017,55.08
9/8/2017,55.15
9/11/2017,54.5
9/12/2017,55.04
9/13/2017,55.75
9/14/2017,56.56
9/15/2017,56.98
9/18/2017,56.28
9/19/2017,56.62
9/20/2017,57.38
9/21/2017,57.48
9/22/2017,57.23
9/25/2017,59.34
9/26/2017,59.87
9/27/2017,59.92
9/28/2017,59.92
9/29/2017,59.04
10/3/2017,56.67
10/4/2017,56.51
10/5/2017,57.08
10/6/2017,56.76
10/9/2017,56.37
10/10/2017,56.79
10/11/2017,57.34
10/12/2017,56.91
10/13/2017,56.81
10/16/2017,58.47
10/17/2017,58.42
10/18/2017,59
10/19/2017,58.35
10/20/2017,58.08
10/23/2017,58.54
10/24/2017,58.24
10/25/2017,59.14
10/26/2017,59.11
10/27/2017,58.83
10/30/2017,61.24
10/31/2017,61.56
11/1/2017,62.36
11/2/2017,61.18
11/3/2017,61.82
11/6/2017,63.34
11/7/2017,65.28
11/8/2017,64.78
11/9/2017,64.45
11/13/2017,64.32
11/14/2017,62.99
11/21/2017,62.42
11/22/2017,63.72
11/23/2017,63.71
11/24/2017,64.23
11/27/2017,64.32
11/28/2017,64.07
11/29/2017,64
11/30/2017,64.97
12/4/2017,64.32
12/5/2017,63.53
12/7/2017,62.79
12/8/2017,63.68
12/11/2017,64.61
12/12/2017,67.05
12/13/2017,65.35
12/14/2017,64.12
12/15/2017,64.51
12/18/2017,64.46
12/19/2017,65.03
12/20/2017,64.59
12/21/2017,64.88
12/22/2017,64.81
12/27/2017,66.7
12/28/2017,66.37
12/29/2017,67.46
1/2/2018,67.45
1/3/2018,67.7
1/4/2018,68.76
1/5/2018,68.86
1/8/2018,68.65
1/9/2018,69.36
1/10/2018,70.75
1/11/2018,70.8
1/12/2018,70.33
1/15/2018,71.1
1/16/2018,70.72
1/17/2018,69.74
1/18/2018,70.03
1/19/2018,69.78
1/22/2018,69.38
1/23/2018,70.11
1/24/2018,70.49
1/25/2018,71.68
1/26/2018,71.5
1/29/2018,70.44
1/30/2018,69
1/31/2018,68.61
2/1/2018,69.97
2/2/2018,69.69
2/5/2018,68.01
2/6/2018,67.4
2/7/2018,67.67
2/8/2018,65.8
2/9/2018,64.79
2/12/2018,64.2
2/13/2018,62.48
2/14/2018,62.97
2/15/2018,64.29
2/16/2018,64.62
2/19/2018,65.51
2/20/2018,65.29
2/21/2018,65.42
2/22/2018,65.71
2/23/2018,66.89
2/26/2018,68.07
2/27/2018,68.54
2/28/2018,67.45
3/1/2018,65.78
3/2/2018,65.22
3/5/2018,66.13
3/6/2018,67.15
3/7/2018,66.67
3/8/2018,65.21
3/9/2018,65.29
3/12/2018,65.93
3/13/2018,65.57
3/14/2018,65.79
3/15/2018,65.11
3/16/2018,64.92
3/19/2018,64.92
3/20/2018,66.61
3/21/2018,68.11
3/22/2018,69.1
3/23/2018,70.45
3/26/2018,70.39
3/27/2018,70.43
3/28/2018,69.44
3/29/2018,69.04
4/3/2018,68.22
4/4/2018,67.08
4/5/2018,67.57
4/6/2018,67.54
4/9/2018,68.14
4/10/2018,70.52
4/11/2018,72.32
4/12/2018,72.87
4/13/2018,73.31
4/16/2018,73.39
4/17/2018,73.55
4/18/2018,74.23
4/19/2018,75.95
4/23/2018,75.93
4/24/2018,76.12
4/25/2018,75.78
4/26/2018,75.82
4/27/2018,76.64
4/30/2018,75.98
5/2/2018,75.14
5/4/2018,75.03
5/8/2018,76.86
5/9/2018,77.9
5/10/2018,78.67
5/11/2018,78.73
5/14/2018,78.32
5/15/2018,79.97
5/16/2018,78.89
5/17/2018,80.75
5/18/2018,80.08
5/21/2018,78.6
5/22/2018,80.25
5/23/2018,79.88
5/25/2018,77.89
6/4/2018,74.86
6/5/2018,73.4
6/6/2018,74.31
6/7/2018,75.22
6/8/2018,76.04
6/11/2018,75.2
6/12/2018,75.1
6/13/2018,75.24
6/14/2018,76.12
6/15/2018,74.68
6/19/2018,75.82
6/20/2018,76.07
6/21/2018,73.3
6/22/2018,74.31
6/25/2018,74.08
6/26/2018,74.25
6/27/2018,76.2
6/28/2018,76.72
7/2/2018,77.11
7/3/2018,77.46
7/4/2018,77.49
7/5/2018,77.66
7/6/2018,76.48
7/9/2018,76.5
7/10/2018,78.74
7/11/2018,77.02
7/12/2018,73.68
7/13/2018,73.89
7/16/2018,73.16
7/17/2018,71.25
7/18/2018,71.3
7/19/2018,71.71
7/20/2018,72.35
7/30/2018,75.63
7/31/2018,75.37
8/1/2018,73.92
8/2/2018,72.96
8/3/2018,74.05
8/6/2018,73.99
8/7/2018,73.98
8/8/2018,72.98
8/13/2018,71.61
8/14/2018,72.18
8/15/2018,70.35
8/16/2018,69.61
8/17/2018,70.75
8/20/2018,71.05
8/21/2018,72.17
8/22/2018,73.63
8/23/2018,73.97
8/24/2018,75.41
8/28/2018,75.58
8/29/2018,76.36
8/30/2018,77.44
8/31/2018,77.76
9/3/2018,77.65
9/4/2018,79.31
9/5/2018,77.26
9/6/2018,77.45
9/7/2018,76.44
9/10/2018,77.36
9/11/2018,77.94
9/12/2018,79.52
9/13/2018,79.9
9/14/2018,78.22
9/17/2018,78.63
9/18/2018,79.41
9/19/2018,79.95
9/20/2018,80.06
9/21/2018,80.41
9/24/2018,81.32
9/25/2018,82.77
9/26/2018,82.1
9/27/2018,82.8
9/28/2018,82.65
10/2/2018,86.01
10/3/2018,86.31
10/4/2018,87.35
10/5/2018,85.83
10/8/2018,84.28
10/9/2018,86.17
10/10/2018,85.82
10/11/2018,82.82
10/12/2018,82.03
10/15/2018,81.96
10/16/2018,81.5
10/17/2018,81.75
10/18/2018,80.15
10/19/2018,81.7
10/22/2018,81.14
10/23/2018,79.94
10/24/2018,78.33
10/25/2018,77.91
10/26/2018,77.8
10/29/2018,78.56
10/30/2018,77.71
10/31/2018,76.62
11/1/2018,74.98
11/2/2018,72.54
11/5/2018,72.54
11/6/2018,73.28
11/7/2018,72.98
11/8/2018,72.21
11/9/2018,69.03
11/12/2018,71.4
11/13/2018,69.14
11/14/2018,65.97
11/15/2018,66.18
11/16/2018,67.68
11/19/2018,66.01
11/21/2018,62.73
11/22/2018,62.69
11/23/2018,60.26
11/26/2018,60.27
11/27/2018,60.59
11/28/2018,60.31
11/29/2018,58.7
11/30/2018,58.96
12/3/2018,61.71
12/4/2018,62.62
12/5/2018,61.93
12/6/2018,59.71
12/7/2018,59.81
12/10/2018,60.81
12/11/2018,60.5
12/12/2018,60.75
12/13/2018,59.55
12/14/2018,60.31
12/17/2018,59.9
12/18/2018,57.12
12/19/2018,55.67
12/20/2018,54.4
12/21/2018,52.42
12/27/2018,66.7
12/28/2018,51.9
12/31/2018,67.46
1/2/2019,52.63
1/3/2019,54.75
1/4/2019,56.82
1/7/2019,56.97
1/8/2019,56.76
1/9/2019,58.39
1/10/2019,59.78
1/11/2019,60.6
1/14/2019,59.53
1/15/2019,59.54
1/16/2019,60.61
1/17/2019,60.62
1/18/2019,61.94
1/21/2019,63.27
1/22/2019,62.77
1/23/2019,62.79
1/24/2019,62.01
1/25/2019,62.52
1/28/2019,61.72
1/29/2019,61.76
1/30/2019,62.53
1/31/2019,62.69
2/1/2019,62.45
2/4/2019,63.74
2/5/2019,63.6
2/6/2019,62.53
2/7/2019,63.17
2/8/2019,62.68
2/11/2019,62.63
2/12/2019,63.92
2/13/2019,64.43
2/14/2019,65.12
2/15/2019,66.68
2/18/2019,67.37
2/19/2019,67.46
2/20/2019,67.14
2/21/2019,68.11
2/22/2019,68.42
2/25/2019,67.37
2/26/2019,65.34
2/27/2019,66.24
2/28/2019,66.23
3/1/2019,66.9
3/4/2019,66.03
3/5/2019,65.89
3/6/2019,65.73
3/7/2019,67.02
3/8/2019,65.48
3/11/2019,66.71
3/12/2019,67.55
3/13/2019,67.49
3/14/2019,68.13
3/15/2019,67.47
3/18/2019,68.21
3/19/2019,69.07
3/20/2019,68.94
3/21/2019,70.04
3/22/2019,68.91
3/25/2019,68.32
3/26/2019,69.64
3/27/2019,69.39
3/28/2019,68.26
3/29/2019,69.02
4/1/2019,70.11
4/2/2019,71.05
4/3/2019,71.58
4/4/2019,71.18
4/5/2019,71.13
4/8/2019,72.48
4/9/2019,72.84
4/10/2019,72.89
4/11/2019,73.15
4/12/2019,73.28
4/15/2019,72.81
4/16/2019,72.69
4/17/2019,73.17
4/18/2019,72.58
4/23/2019,74.94
4/24/2019,75.91
4/25/2019,75.93
4/26/2019,74.3
4/29/2019,72.62
4/30/2019,73.72
5/2/2019,73.11
5/3/2019,72.72
5/7/2019,72.23
5/8/2019,71.92
5/9/2019,71.94
5/10/2019,72.72
5/13/2019,73.89
5/14/2019,73.88
5/15/2019,73.67
5/16/2019,74.9
5/17/2019,75.76
8/7/2019,56.73
8/8/2019,57.99
8/9/2019,59.27
8/12/2019,59.03
8/13/2019,61.8
8/14/2019,59.76
8/15/2019,59.37
8/16/2019,61.3
8/19/2019,62.09
8/20/2019,61.33
8/21/2019,62.9
8/22/2019,61.91
8/23/2019,60.79
8/27/2019,60.59
8/28/2019,62.57
8/29/2019,62.74
8/30/2019,63.19
9/2/2019,60.4
9/3/2019,59.78
9/4/2019,62.53
9/5/2019,65.1
9/6/2019,63.63
9/9/2019,66.34
9/10/2019,67.02
9/11/2019,65.57
9/12/2019,63.36
9/13/2019,63.85
9/16/2019,71.02
9/17/2019,68.19
9/18/2019,66.89
9/19/2019,66.85
9/20/2019,67.83
9/23/2019,67.36
9/24/2019,66.96
9/25/2019,65.01
9/26/2019,64.68
9/27/2019,65.03
9/30/2019,63.54
10/1/2019,62.61
10/2/2019,60.47
10/3/2019,60.46
10/4/2019,61.58
10/7/2019,61.9
10/8/2019,60.49
10/9/2019,62.05
10/10/2019,61.43
10/11/2019,60.64
10/14/2019,58.56
10/15/2019,59.24
10/16/2019,60.4
10/17/2019,60.86
10/18/2019,62.07
10/21/2019,60.72
10/22/2019,61.54
10/23/2019,61.5
10/24/2019,63.12
10/25/2019,63.4
10/28/2019,63.83
10/29/2019,61.93
10/30/2019,62.54
10/31/2019,61.68
11/1/2019,60.83
11/4/2019,62.54
11/5/2019,63.1
11/6/2019,63.16
11/7/2019,63
11/8/2019,61.92
11/11/2019,62.86
11/12/2019,63.3
11/13/2019,62.1
11/14/2019,63.47
11/15/2019,63.67
11/18/2019,64.33
11/19/2019,63.19
11/20/2019,62.25
11/21/2019,64.35
11/22/2019,66.1
11/25/2019,65
11/26/2019,65.58
11/27/2019,65.86
11/28/2019,65.67
11/29/2019,65.87
12/2/2019,64.39
12/3/2019,63.76
12/4/2019,65.2
12/5/2019,67.08
12/6/2019,66.99
12/9/2019,67.51
12/10/2019,67.52
12/11/2019,67.3
12/12/2019,67.61
12/13/2019,68.53
12/16/2019,69.23
12/17/2019,69.87
12/18/2019,70.04
12/19/2019,70.56
12/20/2019,70.68
12/23/2019,70
12/24/2019,69.12
12/27/2019,71.31
12/30/2019,70.57
12/31/2019,67.91
1/2/2020,69.04
1/3/2020,71.21
1/6/2020,71.98
1/7/2020,72.18
1/8/2020,71.48
1/9/2020,68.79
1/10/2020,68.88
1/13/2020,68.64
1/14/2020,67.3
1/15/2020,66.04
1/16/2020,67.38
1/17/2020,66.7
1/20/2020,67.28
1/21/2020,66.31
1/22/2020,64.76
1/23/2020,63.91
1/24/2020,61.99
1/27/2020,61.19
1/28/2020,62.02
1/29/2020,62.56
1/30/2020,61.02
1/31/2020,61.07
2/3/2020,57.3
2/4/2020,57.2
2/5/2020,58.66
2/6/2020,58.48
2/7/2020,57.83
2/10/2020,56.69
2/11/2020,56.55
2/12/2020,58.09
2/13/2020,58.89
2/14/2020,59.92
2/17/2020,60.38
2/18/2020,59.9
2/19/2020,62.27
2/20/2020,62.64
2/21/2020,61.15
2/24/2020,58.59
2/25/2020,58.62
2/26/2020,57.51
2/27/2020,54.74
2/28/2020,53.76
3/2/2020,54.97
3/3/2020,54.69
3/4/2020,54.31
3/5/2020,53.74
3/6/2020,48.05
3/9/2020,37.33
3/10/2020,37.57
3/11/2020,36.83
3/12/2020,33.02
3/13/2020,34.25
3/16/2020,31.47
3/17/2020,29.61
3/18/2020,27.56
3/19/2020,25.38
3/20/2020,27.93
3/23/2020,25
3/24/2020,23.05
3/25/2020,21.4
3/26/2020,21.39
3/27/2020,18.47
3/30/2020,15.07
3/31/2020,15.26
4/1/2020,11.03
4/2/2020,14.75
4/3/2020,19
4/6/2020,17.69
4/7/2020,19.56
4/8/2020,20.72
4/9/2020,18.47
4/14/2020,18.58
4/15/2020,15.53
4/16/2020,14.53
4/17/2020,15.4
4/20/2020,13.84
4/21/2020,7.15
4/22/2020,9.02
4/23/2020,11.54
4/24/2020,11.35
4/27/2020,9.75
4/28/2020,10.62
4/29/2020,13.18
4/30/2020,13.88
5/1/2020,13.91
5/4/2020,14.79
5/5/2020,20.38
5/6/2020,19.61
5/7/2020,25.97
5/11/2020,26.23
5/12/2020,27.01
5/13/2020,26.57
5/14/2020,26.89
5/15/2020,28.29
5/18/2020,32.2
5/19/2020,32.25
5/21/2020,34.88
5/22/2020,33.51
5/26/2020,33.62
5/27/2020,33.69
5/28/2020,33.5
5/29/2020,33.91
6/1/2020,36.09
6/2/2020,37.8
6/3/2020,37.84
6/4/2020,37.91
6/5/2020,41.24
6/8/2020,40.37
6/9/2020,39.21
6/10/2020,40.06
6/11/2020,38.33
6/12/2020,38.45
6/15/2020,38.69
6/16/2020,40.35
6/17/2020,40.52
6/18/2020,41.7
6/19/2020,42.94
6/22/2020,42.98
6/23/2020,43.72
6/24/2020,40.71
6/25/2020,40.98
6/26/2020,41.07
6/29/2020,41.67
6/30/2020,42.49
7/1/2020,43.15
7/2/2020,43.55
7/3/2020,43.85
7/6/2020,44.04
7/7/2020,44.5
7/8/2020,44.42
7/9/2020,43.37
7/10/2020,43.88
7/13/2020,44.53
7/14/2020,44.33
7/15/2020,44.91
7/16/2020,45.15
7/17/2020,44.43
7/20/2020,43.91
7/21/2020,45.56
7/22/2020,44.17
7/23/2020,44.5
7/24/2020,43.91
7/27/2020,43.3
7/28/2020,43.92
7/29/2020,44.39
7/30/2020,42.97
7/31/2020,43.62
8/3/2020,44.3
8/4/2020,44.38
8/5/2020,46.2
8/6/2020,45.69
8/7/2020,44.72
8/10/2020,44.54
8/11/2020,44.75
8/12/2020,45.45
8/13/2020,45.5
8/14/2020,45.2
8/17/2020,45.08
8/18/2020,45.57
8/19/2020,45.24
8/20/2020,44.49
8/21/2020,43.54
8/24/2020,44.33
8/25/2020,46.21
8/26/2020,45.94
8/27/2020,44.77
8/28/2020,44.94
8/31/2020,45.26
9/1/2020,45.66
9/2/2020,44.66
9/3/2020,41.19
9/4/2020,42.92
9/7/2020,40.68
9/8/2020,38.62
9/9/2020,40
9/10/2020,39.7
9/11/2020,39.36
9/14/2020,38.39
9/15/2020,38.96
9/16/2020,40.73
9/17/2020,42.19
9/18/2020,42.23
9/21/2020,39.98
9/22/2020,39.86
9/22/2020,40.8
9/23/2020,41.3
9/24/2020,40.71
9/25/2020,40.59
9/28/2020,40.94
9/29/2020,39.91
9/30/2020,39.74
10/2/2020,38.05
10/5/2020,39.57
10/6/2020,40.66
10/7/2020,39.65
10/8/2020,41.01
10/9/2020,41.38
10/12/2020,39.95
10/13/2020,40.79
10/14/2020,41.05
10/15/2020,40.37
10/16/2020,40.88
10/19/2020,41.17
10/20/2020,40.39
10/21/2020,39.67
10/22/2020,41.08
10/23/2020,40.91
10/26/2020,38.99
10/27/2020,39.73
10/28/2020,37.79
10/30/2020,36.37
11/2/2020,36.49
11/3/2020,38.04
11/4/2020,39.19
11/5/2020,39.5
11/6/2020,38.38
11/9/2020,41.15
11/10/2020,41.65
11/11/2020,43.06
11/12/2020,42.54
11/13/2020,41.66
11/16/2020,42.95
11/17/2020,42.01
11/18/2020,42.96
11/19/2020,42.74
11/20/2020,43.16
11/23/2020,44.65
11/24/2020,47.48
11/25/2020,47.73
11/26/2020,26.27
11/27/2020,47.34
11/30/2020,46.67
12/1/2020,47.66
12/2/2020,48.45
12/3/2020,48.45
12/4/2020,49.43
12/7/2020,49.35
12/8/2020,49.31
12/9/2020,49.14
12/10/2020,51.4
12/11/2020,50.49
12/14/2020,49.98
12/15/2020,51.22
12/16/2020,51.87
12/17/2020,51.55
12/18/2020,52.5
12/21/2020,50.32
12/22/2020,50.6
12/23/2020,51.66
12/24/2020,50.99
12/29/2020,51.11
12/30/2020,50.94
12/31/2020,51.27
1/4/2021,50.67
1/5/2021,52.96
1/6/2021,54.66
1/7/2021,54.38
1/8/2021,55.42
1/11/2021,55.25
1/12/2021,56.39
1/13/2021,56.2
1/14/2021,55.46
1/15/2021,55.203
1/18/2021,54.9
1/19/2021,55.73
1/20/2021,56.18
1/21/2021,55.77
1/22/2021,55.31
1/25/2021,55.13
1/26/2021,55.41
1/27/2021,55.74
1/28/2021,55.17
1/29/2021,55.16
2/1/2021,55.8
2/2/2021,57.81
2/3/2021,58.61
2/4/2021,59.05
2/5/2021,60.2
2/8/2021,60.33
2/9/2021,60.91
2/10/2021,61.59
2/11/2021,61.37
2/12/2021,62.21
2/15/2021,64.3
2/16/2021,63.91
2/17/2021,64.71
2/18/2021,65.01
2/19/2021,63.95
2/22/2021,64.3
2/23/2021,65.18
2/24/2021,66.71
2/25/2021,67.15
2/26/2021,66.07
3/1/2021,65.75
3/2/2021,63.89
3/3/2021,64.64
3/4/2021,67.73
3/5/2021,69.37
3/8/2021,68.7
3/9/2021,67.16
3/10/2021,66.9
3/11/2021,69.35
3/12/2021,69.41
3/15/2021,68.71
3/16/2021,67.85
3/17/2021,67.34
3/18/2021,65.03
3/19/2021,63.44
3/22/2021,63.79
3/23/2021,61.71
3/24/2021,63.66
3/25/2021,61.39
3/26/2021,63.85
3/29/2021,63.24
3/30/2021,63.4
3/31/2021,62.98
4/1/2021,61.7
4/6/2021,62.15
4/7/2021,60.65
4/8/2021,61.53
4/9/2021,61.86
4/12/2021,62.48
4/13/2021,62.83
4/14/2021,65.59
4/15/2021,65.55
4/16/2021,65.74
4/19/2021,66.19
4/20/2021,64.25
4/21/2021,64.36
4/22/2021,64.92
4/23/2021,65.42
4/26/2021,64.98
4/27/2021,65.12
4/28/2021,66.69
4/29/2021,67.2
4/30/2021,66.84
5/4/2021,68.37
5/5/2021,69.59
5/6/2021,68.28
5/7/2021,67.82
5/10/2021,67.58
5/11/2021,67.86
5/14/2021,68.21
5/17/2021,68.61
5/18/2021,68.76
5/19/2021,65.52
5/20/2021,65.56
5/21/2021,66.1
5/24/2021,67.49
5/25/2021,67.88
5/26/2021,68.13
5/27/2021,68.21
5/28/2021,68.59
6/1/2021,69.26
6/2/2021,69.39
6/3/2021,69.33
6/4/2021,70.45
6/7/2021,70.23
6/8/2021,70.6
6/9/2021,71.45
6/10/2021,71.61
6/11/2021,72.06
6/14/2021,72.98
6/15/2021,73.46
6/16/2021,74.79
6/17/2021,73.27
6/18/2021,74.22
6/21/2021,74.99
6/22/2021,75.92
6/23/2021,76.86
6/24/2021,76.91
6/25/2021,77.31
6/28/2021,76.48
6/29/2021,76.53
6/30/2021,78.01
7/1/2021,77.76
7/2/2021,78.55
7/5/2021,79.18
7/6/2021,77.17
7/7/2021,75.05
7/8/2021,75.55
7/9/2021,78.41
7/12/2021,77.88
7/13/2021,77.74
7/14/2021,77.99
7/15/2021,76.35
7/16/2021,75.39
7/19/2021,70.69
7/22/2021,74.06
7/23/2021,75.76
7/26/2021,75.19
7/27/2021,75.47
7/28/2021,75.54
7/29/2021,76.33
7/30/2021,77.07
8/2/2021,74.53
8/3/2021,73.5
8/4/2021,71.79
8/5/2021,72.25
8/6/2021,71.67
8/9/2021,69.29
8/10/2021,71.32
8/11/2021,70.54
8/12/2021,71.61
8/13/2021,71.35
8/16/2021,70
8/17/2021,70.19
8/18/2021,69.65
8/19/2021,66.18
8/20/2021,65.93
8/23/2021,68.6
8/24/2021,70.47
8/25/2021,70.98
8/26/2021,70.43
8/27/2021,71.25
8/31/2021,73.18
9/1/2021,70.78
9/2/2021,73.53
9/3/2021,73.04
9/6/2021,72.13
9/7/2021,71.13
9/8/2021,71.89
9/9/2021,72.73
9/10/2021,72.5
9/13/2021,73.2
9/14/2021,73.4
9/15/2021,75.44
9/16/2021,74.63
9/17/2021,74.46
9/20/2021,74.11
9/21/2021,73.52
9/22/2021,75.16
9/23/2021,76.59
9/24/2021,77.41
9/27/2021,79.26
9/28/2021,78.73
9/29/2021,78.35
9/30/2021,78.11
10/4/2021,81.95
10/5/2021,83.49
10/6/2021,81.74
10/7/2021,82.58
10/8/2021,83.18
10/11/2021,84.5
10/12/2021,84.54
10/13/2021,84.36
10/14/2021,83.3
10/15/2021,85.66
10/18/2021,85.24
10/19/2021,85.8
10/20/2021,86.21
10/21/2021,84.04
10/22/2021,85.38
10/25/2021,85.9
10/26/2021,85.53
10/27/2021,84.85
10/28/2021,83.76
10/29/2021,84.35
11/1/2021,85.35
11/2/2021,85.3
11/3/2021,82.77
11/4/2021,82.49
11/5/2021,83.35
11/8/2021,84.28
11/9/2021,84.75
11/10/2021,85.34
11/11/2021,84.03
11/12/2021,83.88
11/15/2021,82.22
11/16/2021,83.61
11/17/2021,82.72
11/18/2021,82.88
11/19/2021,80.63
11/22/2021,82.2
11/23/2021,83.96
11/24/2021,83.82
11/25/2021,82.9
11/26/2021,74.05
11/29/2021,75.55
11/30/2021,71.54
12/1/2021,72.75
12/2/2021,71.17
12/3/2021,72.68
12/6/2021,72.85
12/7/2021,76.71
12/8/2021,76.62
12/9/2021,75.75
12/10/2021,75.11
12/13/2021,75.17
12/14/2021,74.15
12/15/2021,73.68
12/16/2021,75.82
12/17/2021,74.06
12/20/2021,69.73
12/21/2021,73.26
12/22/2021,74.86
12/23/2021,76.51
12/24/2021,75.91
12/29/2021,78.66
12/30/2021,79.31
12/31/2021,76.25
1/4/2022,80.07
1/5/2022,82.17
1/6/2022,83.49
1/7/2022,84.53
1/10/2022,84.06
1/11/2022,86.64
1/12/2022,88.07
1/13/2022,87.99
1/14/2022,88.69
1/17/2022,90.09
1/18/2022,90.83
1/19/2022,92.56
1/20/2022,93.04
1/21/2022,91.03
1/24/2022,89.93
1/25/2022,91.54
1/26/2022,94.18
1/27/2022,93.85
1/28/2022,95.23
1/31/2022,94.89
2/1/2022,93.32
2/2/2022,93.2
2/3/2022,94.41
2/4/2022,99.81
2/7/2022,100.45
2/8/2022,98.12
2/9/2022,98.56
2/10/2022,100.99
2/11/2022,99.39
2/14/2022,103.24
2/15/2022,100.69
2/16/2022,100.98
2/17/2022,97.93
2/18/2022,98.83
2/21/2022,101.6
2/22/2022,101.38
2/23/2022,101.94
2/24/2022,103.94
2/25/2022,100.8
2/28/2022,103.23
3/1/2022,114.89
3/2/2022,118.75
3/3/2022,121.42
3/4/2022,122.9
3/7/2022,133.63
3/8/2022,139.41
3/9/2022,130.28
3/10/2022,122.13
3/11/2022,120.13
3/14/2022,113.43
3/15/2022,110.5
3/16/2022,109.17
3/17/2022,116.37
3/18/2022,117.04
3/21/2022,123.9
3/22/2022,124.11
3/23/2022,130.41
3/24/2022,128.49
3/25/2022,126.41
3/28/2022,118.84
3/29/2022,115.52
3/30/2022,119.05
3/31/2022,111.51
4/1/2022,110.43
4/4/2022,111.77
4/5/2022,110.12
4/6/2022,107.09
4/7/2022,101.85
4/8/2022,102.94
4/11/2022,100.48
4/12/2022,107.1
4/13/2022,108.49
4/14/2022,109.1
4/19/2022,107.56
4/20/2022,107.33
4/21/2022,109.06
4/22/2022,107.45
4/25/2022,98.61
4/26/2022,103.71
4/27/2022,104.08
4/28/2022,106.38
4/29/2022,110.11
5/4/2022,110.64
5/5/2022,114.21
5/6/2022,116.41
5/9/2022,108.78
5/10/2022,105.94
5/11/2022,109.41
5/12/2022,110.38
5/13/2022,113.02
5/16/2022,115.13
5/17/2022,117.85
5/18/2022,112.71
5/19/2022,113.32
5/20/2022,115.75
5/23/2022,121.33
5/24/2022,122.04
5/25/2022,122.33
5/26/2022,125.91
5/27/2022,125.95
5/30/2022,128.53
5/31/2022,133.73
6/1/2022,130.23
6/2/2022,132.21
6/3/2022,132.43
6/6/2022,131.64
6/7/2022,133.23
6/8/2022,134.93
6/9/2022,136.4
6/10/2022,133.99
6/14/2022,137.95
6/15/2022,134.44
6/16/2022,131.02
6/17/2022,127.55
6/20/2022,125.11
6/21/2022,125.58
6/22/2022,121.77
6/23/2022,122.68
6/24/2022,125.15
6/27/2022,126.57
6/28/2022,128.29
6/29/2022,129.87
6/30/2022,126.94
7/1/2022,124.55
7/4/2022,127.89
7/5/2022,116.5
7/6/2022,114.78
7/7/2022,120.31
7/8/2022,121.07
7/13/2022,116.09
7/14/2022,113.34
7/15/2022,122.84
7/18/2022,126.97
7/19/2022,123.28
7/20/2022,125.48
7/21/2022,123.15
7/22/2022,118.74
7/25/2022,117.75
7/26/2022,118.12
7/27/2022,119.56
7/28/2022,120.04
7/29/2022,121.51
8/1/2022,114.49
8/2/2022,115.35
8/3/2022,112.69
8/4/2022,106.33
8/5/2022,108.63
8/8/2022,110.87
8/9/2022,112.25
8/10/2022,110.72
8/11/2022,111.95
8/12/2022,108.97
8/15/2022,102.61
8/16/2022,101.53
8/17/2022,101.92
8/18/2022,101.51
8/19/2022,101.57
8/22/2022,97.85
8/23/2022,103.18
8/24/2022,102.8
8/25/2022,104.95
8/26/2022,103.77
8/30/2022,104.45
8/31/2022,101.14
9/1/2022,97.02
9/2/2022,97.79
9/5/2022,97.99
9/6/2022,95.14
9/7/2022,91.78
9/8/2022,90.8
9/9/2022,93.48
9/12/2022,96.88
9/13/2022,94.54
9/14/2022,96.04
9/15/2022,91.85
9/16/2022,91.9
9/20/2022,92.01
9/21/2022,92.42
9/22/2022,93.47
9/23/2022,88.89
9/26/2022,88.2
9/27/2022,89.37
9/28/2022,92.01
9/29/2022,93.02
9/30/2022,92.4
10/4/2022,97.31
10/5/2022,97.95
10/6/2022,98.91
10/7/2022,102.01
10/10/2022,102.01
10/11/2022,99
10/12/2022,98.05
10/13/2022,98.91
10/14/2022,97.44
10/17/2022,95.57
10/18/2022,91.42
10/19/2022,92.59
10/20/2022,95.42
10/21/2022,93.82
10/24/2022,94.2
10/25/2022,94.14
10/26/2022,95.31
10/27/2022,96.8
10/28/2022,96.81
10/31/2022,96.04
11/1/2022,97.73
11/2/2022,99.4
11/3/2022,98.12
11/4/2022,100.4
11/7/2022,103.16
11/8/2022,100.75
11/9/2022,96.21
11/10/2022,96.21
11/11/2022,98.18
11/14/2022,96.97
11/15/2022,95.65
11/16/2022,93.52
11/17/2022,93.41
11/18/2022,90.5
11/21/2022,85.43
11/22/2022,91.14
11/23/2022,87.26
11/24/2022,87.42
11/25/2022,86.4
11/28/2022,84.65
11/30/2022,86.79
12/1/2022,89.7
12/2/2022,89.1
12/5/2022,87.19
12/6/2022,82.07
12/7/2022,79.71
12/8/2022,77.52
12/9/2022,78.49
12/12/2022,79.56
12/13/2022,81.49
12/14/2022,84.62
12/15/2022,83.59
12/16/2022,81.11
12/19/2022,83.09
12/20/2022,79.95
12/21/2022,80.77
12/22/2022,82.08
12/23/2022,83.29
12/28/2022,28.11
12/29/2022,84.65
12/29/2022,82.04
12/30/2022,82.58
1/3/2023,82.81
1/4/2023,76.83
1/5/2023,78.58
1/6/2023,78.87
1/9/2023,79.16
1/10/2023,80.31
1/11/2023,82.68
1/12/2023,85.13
1/13/2023,85.15
1/16/2023,84.6
1/17/2023,85.86
1/18/2023,87.92
1/19/2023,86.47
1/20/2023,88.25
1/23/2023,90.38
1/24/2023,87.91
1/25/2023,87.44
1/26/2023,89.47
1/27/2023,88.66
1/30/2023,87.66
1/31/2023,86.3
2/1/2023,86.43
2/2/2023,84.01
2/3/2023,84.07
2/6/2023,83.07
2/7/2023,85.57
2/8/2023,86.54
2/9/2023,86.73
2/10/2023,89.13
2/13/2023,89.19
2/14/2023,88.27
2/15/2023,86.7
2/16/2023,87.71
2/17/2023,85.51
2/20/2023,85.89
2/21/2023,85.77
2/22/2023,83.83
2/23/2023,85.16
2/24/2023,85.44
2/27/2023,84.84
2/28/2023,86.87
3/1/2023,86.49
3/2/2023,87.92
3/3/2023,88.76
3/6/2023,89.23
3/7/2023,87.45
3/8/2023,85.76
3/9/2023,86.5
3/10/2023,86.1
3/13/2023,84.75
3/14/2023,82.37
3/15/2023,75.55
3/16/2023,76.49
3/17/2023,73.77
3/20/2023,73.31
3/21/2023,76.12
3/22/2023,77.61
3/23/2023,77.16
3/24/2023,74.43
3/27/2023,76.45
3/28/2023,79.33
3/29/2023,79.67
3/30/2023,79.75
3/31/2023,80.8
4/3/2023,86.95
4/4/2023,86.58
4/5/2023,86.8
4/6/2023,87.62
4/11/2023,87.87
4/12/2023,89.82
4/13/2023,89.01
4/14/2023,89.53
4/18/2023,87.8
4/19/2023,88.07
4/20/2023,85.5
4/25/2023,84.22
4/26/2023,83.94
4/27/2023,81.89
4/28/2023,83.3
5/2/2023,79.24
5/3/2023,74.64
5/4/2023,75.15
5/5/2023,77.68
5/8/2023,79.63
5/9/2023,75.69
5/10/2023,77.35
5/11/2023,76.22
5/12/2023,75.24
5/15/2023,75.66
5/16/2023,75.37
5/17/2023,76.32
5/18/2023,76.06
5/19/2023,76.68
5/22/2023,77.93
5/23/2023,79.11
5/24/2023,79.89
5/25/2023,77.73
5/26/2023,78.52
5/30/2023,76.25
5/31/2023,74.75
6/1/2023,76.6
6/2/2023,77.88
6/5/2023,79.42
6/6/2023,78.48
6/7/2023,79.35
6/8/2023,78.31
6/9/2023,78.25
6/13/2023,76.21
6/14/2023,76.28
6/15/2023,77.04
6/16/2023,78.13
6/19/2023,78.39
6/20/2023,77.05
6/21/2023,78.96
6/22/2023,75.97
6/23/2023,75.25
6/26/2023,75.64
6/27/2023,75.01
6/30/2023,76.22
7/3/2023,77.76
7/4/2023,78.33
7/5/2023,78.78
7/6/2023,77.39
7/7/2023,79.7
7/10/2023,80.43
7/11/2023,81.5
7/12/2023,82.48
7/13/2023,82.74
7/14/2023,82.4
7/17/2023,80.66
7/18/2023,81.73
7/19/2023,82.55
7/20/2023,81.44
7/21/2023,82.57
7/24/2023,84.56
7/25/2023,84.95
7/26/2023,86.54
7/27/2023,86.8
7/28/2023,86.35
7/31/2023,87.98
8/1/2023,87.98
8/2/2023,86.79
8/3/2023,88.71
8/4/2023,89.86
8/7/2023,89.21
8/8/2023,89.6
8/9/2023,91.53
8/10/2023,90.94
8/11/2023,90.98
8/14/2023,90.43
8/15/2023,88.94
8/16/2023,88.73
8/17/2023,88.64
8/18/2023,88.34
8/21/2023,88.94
8/22/2023,87.68
8/23/2023,88.23
8/24/2023,88.11
8/25/2023,89.35
8/28/2023,89.17
8/29/2023,90.05
8/30/2023,90.13
8/31/2023,91.37
9/1/2023,93.51
9/4/2023,94.55
9/5/2023,96.08
9/6/2023,95.53
9/7/2023,95.9
9/8/2023,96.29
9/11/2023,96.05
9/12/2023,97.98
9/13/2023,97.42
9/14/2023,98.94
9/15/2023,99.53
9/18/2023,100.48
9/19/2023,101.14
9/20/2023,100.16
9/21/2023,98.84
9/22/2023,98.64
9/25/2023,97.96
9/26/2023,98.42
9/27/2023,101.76
9/28/2023,101.73
9/29/2023,100.42
10/3/2023,99.33
10/4/2023,96.55
10/5/2023,93.48
10/6/2023,92.42
10/9/2023,95.83
10/10/2023,95.24
10/11/2023,91.97
10/12/2023,93.79
10/13/2023,95.59
10/16/2023,96.4
10/17/2023,95.3
10/18/2023,98.32
10/19/2023,96.13
10/20/2023,98.26
10/23/2023,97.44
10/24/2023,91.69
10/25/2023,92.43
10/26/2023,93.13
